Gender,Married,Dependents,Education,Self_Employed,ApplicantIncome,CoapplicantIncome,LoanAmount,Loan_Amount_Term,Credit_History,Property_Area,Loan_Status
Male,Yes,3+,Graduate,No,3998,341,277.0,360.0,0.0,Semiurban,N
Male,No,0,Not Graduate,No,8747,0,93.0,360.0,1.0,Urban,Y
Female,No,0,Graduate,No,7063,3654,203.0,360.0,0.0,Urban,Y
Male,Yes,0,Graduate,No,10898,4479,221.0,360.0,1.0,Rural,Y
Male,Yes,0,Graduate,No,1500,0,189.0,360.0,1.0,Urban,Y
Female,Yes,1,Graduate,No,4204,2371,73.0,360.0,1.0,Rural,Y
Male,No,0,Graduate,No,3612,836,239.0,360.0,1.0,Semiurban,Y
Male,Yes,0,Graduate,No,1500,2321,226.0,360.0,1.0,Urban,Y
Male,No,0,Graduate,No,8181,0,182.0,360.0,1.0,Rural,Y
Male,Yes,0,Not Graduate,No,4189,0,,360.0,0.0,Semiurban,Y
Male,No,0,Graduate,No,7219,4130,156.0,360.0,1.0,Rural,Y
Female,Yes,0,Graduate,No,12079,1340,134.0,240.0,1.0,Rural,Y
Male,No,2,Not Graduate,No,3940,6555,,360.0,1.0,Rural,Y
Female,Yes,0,Not Graduate,No,3737,1616,142.0,360.0,1.0,Urban,Y
Male,Yes,0,Graduate,No,5356,0,81.0,360.0,1.0,Urban,Y
Male,No,0,Graduate,No,7962,4567,67.0,360.0,1.0,Semiurban,Y
Male,No,0,Graduate,No,3300,3077,87.0,180.0,1.0,Rural,Y
Male,No,0,Graduate,No,3107,3317,156.0,240.0,1.0,Urban,Y
Female,Yes,1,Graduate,No,8172,4477,138.0,,1.0,Urban,Y
Male,Yes,0,Not Graduate,No,6136,0,155.0,360.0,1.0,Semiurban,Y
Male,Yes,2,Not Graduate,No,1500,1182,175.0,360.0,0.0,Urban,N
Male,Yes,3+,Graduate,No,1500,1071,96.0,360.0,1.0,Semiurban,Y
Female,No,0,Graduate,No,9504,0,243.0,360.0,1.0,Rural,Y
Female,No,0,Not Graduate,Yes,6206,841,121.0,360.0,1.0,Rural,Y
Male,No,0,Not Graduate,,2713,4841,110.0,360.0,1.0,Urban,Y
Male,No,1,Graduate,No,4489,2093,174.0,360.0,1.0,Urban,Y
Male,No,0,Graduate,No,5040,0,20.0,240.0,0.0,Rural,Y
Male,No,2,Not Graduate,No,7207,0,85.0,360.0,0.0,Semiurban,Y
Male,Yes,2,Graduate,No,1500,5662,209.0,360.0,1.0,Urban,Y
Male,Yes,2,Graduate,No,2477,1274,20.0,240.0,1.0,Rural,N
Male,Yes,0,Not Graduate,No,5819,0,218.0,120.0,1.0,Rural,Y
Female,No,3+,Not Graduate,No,4700,815,246.0,360.0,1.0,Urban,Y
Male,Yes,0,Not Graduate,No,6716,0,114.0,360.0,1.0,Rural,Y
Male,Yes,0,Graduate,No,1500,5058,160.0,360.0,1.0,Urban,Y
Male,No,0,Graduate,Yes,6071,517,218.0,360.0,1.0,Rural,N
Male,Yes,3+,Graduate,No,8275,4919,107.0,360.0,1.0,Urban,Y
Male,Yes,0,Graduate,No,6460,1629,201.0,,1.0,Rural,Y
Male,No,2,Graduate,Yes,5417,5074,93.0,360.0,1.0,Urban,N
Male,No,0,Graduate,No,4712,2142,107.0,360.0,1.0,Rural,Y
Male,Yes,3+,Graduate,No,2495,3633,84.0,360.0,1.0,Rural,Y
Male,No,0,Graduate,No,4784,3298,164.0,120.0,1.0,Semiurban,Y
Female,Yes,0,Graduate,No,8779,3058,221.0,360.0,1.0,Rural,Y
Male,No,3+,Graduate,No,4643,2370,127.0,360.0,1.0,Semiurban,Y
Male,Yes,0,Graduate,No,2331,918,51.0,360.0,1.0,Urban,Y
Female,Yes,0,Graduate,No,3523,6289,64.0,120.0,1.0,Rural,Y
Female,Yes,0,Graduate,No,5603,0,168.0,360.0,1.0,Urban,Y
Male,Yes,0,Not Graduate,Yes,3879,1511,269.0,120.0,1.0,Rural,N
Male,No,0,Graduate,No,6456,1537,168.0,360.0,1.0,Semiurban,Y
Male,Yes,0,Graduate,No,6569,2506,113.0,360.0,1.0,Semiurban,Y
Male,Yes,0,Graduate,No,7667,426,194.0,360.0,1.0,Rural,Y
Male,Yes,2,Graduate,Yes,9271,2287,123.0,360.0,1.0,Semiurban,Y
Male,No,0,Graduate,Yes,7988,1078,114.0,120.0,1.0,Urban,Y
Male,No,0,Graduate,No,2197,0,73.0,360.0,1.0,Urban,Y
Male,,0,Graduate,No,2289,1524,239.0,360.0,,Semiurban,Y
Male,Yes,0,Graduate,No,4773,0,,360.0,1.0,Urban,Y
Male,Yes,1,Graduate,No,3646,0,196.0,360.0,1.0,Urban,Y
Male,Yes,3+,Graduate,No,1585,1842,108.0,360.0,1.0,Semiurban,Y
,Yes,3+,Graduate,No,3675,2720,111.0,360.0,1.0,Semiurban,Y
Male,,0,Graduate,No,3576,2817,258.0,240.0,1.0,Semiurban,Y
Male,No,0,Graduate,No,2984,2918,90.0,180.0,1.0,Rural,Y
Male,Yes,0,Not Graduate,No,4053,0,92.0,240.0,1.0,Semiurban,Y
Male,Yes,,Graduate,No,8535,0,131.0,360.0,1.0,Urban,Y
Male,No,0,Graduate,No,5598,6434,169.0,360.0,1.0,Rural,Y
,Yes,1,Graduate,No,12415,0,109.0,360.0,1.0,Rural,Y
Male,Yes,0,Graduate,No,5512,3027,30.0,360.0,1.0,Semiurban,Y
Male,Yes,0,Graduate,No,4130,0,,360.0,1.0,Semiurban,Y
Male,Yes,0,Not Graduate,No,5012,1699,230.0,360.0,1.0,Semiurban,Y
Male,Yes,0,Not Graduate,No,5769,0,145.0,360.0,,Urban,Y
Male,Yes,0,Graduate,Yes,6306,2904,172.0,360.0,1.0,Rural,Y
Male,Yes,,Graduate,No,11230,1842,122.0,240.0,1.0,Urban,Y
Male,Yes,1,Not Graduate,Yes,2464,379,94.0,360.0,1.0,Semiurban,Y
Male,Yes,0,Graduate,Yes,7577,0,257.0,360.0,1.0,Urban,Y
Female,Yes,0,Graduate,No,5623,2169,127.0,360.0,1.0,Urban,Y
Male,No,0,Graduate,No,1500,0,109.0,360.0,1.0,Semiurban,Y
Male,No,2,Graduate,No,7312,2569,217.0,240.0,0.0,Rural,Y
Male,Yes,0,Graduate,No,8803,8066,89.0,360.0,,Semiurban,Y
Male,Yes,2,Graduate,No,2428,4875,,240.0,1.0,Urban,Y
,No,3+,Not Graduate,No,4973,3296,141.0,120.0,1.0,Semiurban,Y
Male,Yes,0,Graduate,Yes,1500,1286,140.0,,1.0,Urban,Y
Male,Yes,1,Graduate,No,1500,0,158.0,360.0,1.0,Urban,Y
Male,No,0,Graduate,No,8144,0,286.0,360.0,0.0,Rural,N
Male,Yes,3+,Graduate,No,3601,4707,164.0,360.0,1.0,Urban,Y
Female,No,0,Graduate,No,1674,0,20.0,360.0,1.0,Rural,Y
Male,Yes,3+,Graduate,No,5688,0,163.0,300.0,1.0,Urban,Y
Male,No,0,Graduate,No,3433,1086,143.0,360.0,1.0,Urban,Y
Male,Yes,0,Graduate,No,3588,0,143.0,180.0,1.0,Semiurban,Y
Male,Yes,0,Graduate,No,7218,0,157.0,360.0,1.0,Urban,Y
Male,Yes,1,Graduate,No,1515,1374,138.0,300.0,1.0,Semiurban,Y
Male,Yes,0,Graduate,No,2284,0,136.0,360.0,1.0,Semiurban,Y
Male,No,0,Graduate,No,5462,0,183.0,360.0,1.0,Urban,Y
Male,Yes,1,Graduate,Yes,7908,0,102.0,360.0,1.0,Semiurban,Y
,Yes,2,Not Graduate,No,8714,2806,74.0,360.0,0.0,Urban,Y
Male,No,0,Graduate,No,3005,920,352.0,180.0,1.0,Rural,N
,No,0,Graduate,No,7812,1054,90.0,360.0,1.0,Urban,Y
Male,,0,Graduate,No,2648,2992,147.0,360.0,1.0,Semiurban,Y
Male,Yes,2,Graduate,No,10479,1145,35.0,360.0,0.0,Rural,Y
Male,No,0,Graduate,No,1599,804,,360.0,1.0,Rural,Y
Male,No,2,Graduate,Yes,8985,2676,75.0,360.0,1.0,Semiurban,Y
Male,No,0,Graduate,No,3031,3170,109.0,360.0,1.0,Urban,Y
Female,No,0,Graduate,No,11040,1132,213.0,360.0,,Semiurban,Y
Female,No,0,Graduate,No,6774,1702,173.0,360.0,1.0,Semiurban,Y
Male,Yes,0,Graduate,No,1952,0,180.0,360.0,1.0,Semiurban,Y
Male,Yes,2,Not Graduate,No,3433,0,20.0,300.0,1.0,Semiurban,Y
Female,Yes,0,Not Graduate,No,7344,3423,269.0,360.0,1.0,Semiurban,Y
Male,No,0,Graduate,No,8158,2612,57.0,360.0,0.0,Urban,N
Male,No,3+,Not Graduate,,4788,2638,247.0,360.0,,Semiurban,Y
Male,Yes,,Graduate,No,5134,2202,212.0,360.0,1.0,Semiurban,Y
Male,Yes,2,Not Graduate,No,7275,1616,180.0,360.0,1.0,Semiurban,Y
Male,Yes,0,Not Graduate,No,5395,3241,80.0,360.0,1.0,Urban,Y
Female,No,0,Graduate,No,1500,3838,151.0,360.0,1.0,Semiurban,Y
Male,Yes,2,Graduate,No,2561,3778,107.0,360.0,1.0,Urban,Y
Male,Yes,0,Not Graduate,No,5705,1248,142.0,360.0,1.0,Rural,Y
Male,Yes,0,Not Graduate,No,8646,4967,,300.0,1.0,Rural,Y
Male,Yes,2,Not Graduate,Yes,9848,2071,20.0,360.0,,Urban,Y
,Yes,0,Graduate,No,7339,3081,219.0,360.0,1.0,Semiurban,Y
Female,Yes,0,Graduate,No,5862,2205,134.0,360.0,1.0,Urban,Y
Male,Yes,3+,Not Graduate,No,7246,2118,106.0,360.0,1.0,Semiurban,Y
Male,Yes,1,Graduate,No,3000,0,101.0,120.0,0.0,Semiurban,N
Male,Yes,0,Graduate,No,4540,3253,165.0,360.0,1.0,Urban,Y
,Yes,0,Graduate,No,2528,8613,77.0,360.0,1.0,Semiurban,Y
Male,Yes,0,Graduate,No,1500,563,20.0,360.0,1.0,Urban,Y
Male,No,0,Graduate,No,6001,1677,168.0,360.0,0.0,Semiurban,Y
Male,Yes,2,Graduate,No,5557,384,176.0,300.0,0.0,Semiurban,Y
Male,Yes,2,Graduate,Yes,7063,280,126.0,360.0,1.0,Urban,Y
Male,Yes,0,Graduate,No,6638,5361,60.0,180.0,1.0,Semiurban,Y
,Yes,0,Not Graduate,No,5728,0,146.0,360.0,1.0,Rural,Y
Male,Yes,2,Graduate,No,6670,315,37.0,300.0,1.0,Rural,Y
Male,Yes,0,Graduate,No,4872,0,68.0,360.0,1.0,Semiurban,Y
Male,No,0,Graduate,No,6239,0,87.0,360.0,1.0,Rural,Y
Male,Yes,0,Not Graduate,No,2822,0,199.0,120.0,1.0,Semiurban,Y
Male,Yes,1,Graduate,No,6109,3080,115.0,360.0,0.0,Urban,Y
Female,Yes,0,Graduate,No,7005,8499,109.0,360.0,1.0,Rural,Y
Male,Yes,1,Graduate,No,2991,583,277.0,300.0,1.0,Semiurban,Y
Male,Yes,0,Graduate,No,5155,0,165.0,360.0,1.0,Urban,Y
Male,,1,Graduate,No,3129,3750,164.0,360.0,1.0,Rural,Y
Male,No,0,Not Graduate,No,3420,0,114.0,360.0,1.0,Urban,Y
Female,Yes,0,Graduate,No,1625,4748,98.0,180.0,0.0,Semiurban,N
Male,Yes,0,Graduate,No,8797,795,20.0,240.0,1.0,Rural,Y
Male,Yes,0,Not Graduate,No,8197,0,208.0,360.0,,Rural,Y
Male,Yes,0,Graduate,Yes,6612,1055,171.0,360.0,1.0,Urban,Y
Male,No,0,Not Graduate,No,10917,3394,127.0,360.0,1.0,Rural,Y
Male,Yes,0,Graduate,No,4432,931,130.0,360.0,0.0,Semiurban,N
Female,Yes,0,Graduate,Yes,14095,258,192.0,180.0,1.0,Rural,Y
Male,No,3+,Not Graduate,Yes,4317,1003,31.0,360.0,1.0,Rural,Y
Male,Yes,0,Graduate,No,5766,0,99.0,360.0,1.0,Semiurban,Y
Male,Yes,2,Graduate,No,3807,2493,60.0,360.0,1.0,Rural,Y
Male,No,3+,Not Graduate,No,6117,0,264.0,360.0,1.0,Rural,Y
Male,Yes,0,Graduate,No,7507,390,201.0,180.0,0.0,Urban,N
Male,Yes,1,Graduate,No,4658,3398,20.0,360.0,1.0,Urban,Y
Male,Yes,2,Graduate,No,10330,2258,34.0,360.0,0.0,Semiurban,Y
Female,No,1,Graduate,No,5717,2976,131.0,120.0,1.0,Semiurban,Y
Female,Yes,0,Graduate,No,5811,1337,107.0,300.0,1.0,Semiurban,Y
Male,Yes,0,Graduate,No,2273,4424,47.0,360.0,0.0,Semiurban,Y
Male,Yes,0,Graduate,No,6255,3812,276.0,300.0,1.0,Rural,Y
Male,Yes,0,Graduate,No,4598,2615,162.0,360.0,1.0,Urban,Y
Male,Yes,3+,Graduate,No,3175,3819,173.0,120.0,0.0,Semiurban,N
Male,Yes,3+,Not Graduate,No,2671,3376,92.0,360.0,1.0,Semiurban,Y
Male,Yes,0,Graduate,No,13015,401,191.0,360.0,0.0,Semiurban,Y
Male,Yes,1,Not Graduate,No,4210,0,113.0,360.0,1.0,Rural,Y
Male,No,0,Graduate,No,1500,2551,120.0,360.0,0.0,Semiurban,Y
Male,Yes,3+,Not Graduate,No,2905,2865,183.0,360.0,1.0,Semiurban,Y
Female,No,0,Graduate,No,4845,4226,,360.0,1.0,Semiurban,Y
Male,Yes,3+,Graduate,No,6640,0,252.0,360.0,0.0,Semiurban,Y
Male,Yes,2,Not Graduate,Yes,6664,0,153.0,360.0,1.0,Rural,Y
Male,No,0,Graduate,No,7030,2650,230.0,360.0,1.0,Urban,Y
Male,No,0,Graduate,Yes,3065,1322,65.0,360.0,1.0,Rural,Y
Female,Yes,2,Graduate,No,6021,0,75.0,240.0,1.0,Urban,Y
Female,No,0,Graduate,,2372,2438,59.0,300.0,0.0,Semiurban,Y
Male,Yes,0,Graduate,No,3141,0,158.0,360.0,1.0,Rural,Y
Female,Yes,3+,Graduate,No,2247,0,145.0,360.0,1.0,Rural,N
Male,No,,Graduate,No,1500,4879,107.0,360.0,1.0,Urban,Y
,Yes,0,Graduate,No,8193,6062,69.0,360.0,0.0,Semiurban,Y
Male,No,0,Graduate,No,7066,0,51.0,240.0,0.0,Rural,N
Female,Yes,0,Graduate,No,7930,677,137.0,360.0,0.0,Urban,Y
Male,No,3+,Graduate,No,5118,1607,107.0,360.0,1.0,Semiurban,Y
Male,Yes,0,Graduate,No,7330,5953,92.0,360.0,,Rural,Y
Male,Yes,0,Graduate,No,1500,268,248.0,360.0,1.0,Rural,N
Female,Yes,0,Graduate,No,7589,308,134.0,240.0,1.0,Urban,Y
Female,Yes,3+,Graduate,No,5531,5372,229.0,360.0,1.0,Rural,Y
Male,Yes,0,Graduate,No,6881,563,103.0,360.0,1.0,Semiurban,Y
Female,Yes,2,Graduate,No,6140,3306,157.0,360.0,1.0,Semiurban,Y
Female,Yes,1,Graduate,No,2039,0,136.0,300.0,1.0,Urban,Y
Male,Yes,2,Graduate,No,1500,1072,21.0,360.0,1.0,Semiurban,Y
Male,Yes,3+,Graduate,No,2864,0,240.0,180.0,1.0,Semiurban,Y
Male,No,2,Not Graduate,No,6695,0,131.0,240.0,1.0,Urban,Y
Male,No,3+,Graduate,No,7070,3598,192.0,360.0,0.0,Urban,Y
Male,No,0,Graduate,No,1500,1375,87.0,240.0,1.0,Urban,Y
Male,Yes,2,Graduate,No,2057,702,128.0,360.0,0.0,Semiurban,Y
Male,No,0,Graduate,No,2830,0,79.0,,1.0,Urban,Y
Male,Yes,0,Graduate,No,3928,948,227.0,360.0,1.0,Rural,Y
Female,Yes,2,Graduate,No,1500,2253,162.0,360.0,1.0,Semiurban,Y
Male,Yes,3+,Graduate,No,1500,3957,166.0,360.0,1.0,Semiurban,Y
Male,No,1,Graduate,No,2534,0,235.0,360.0,1.0,Semiurban,Y
Female,Yes,0,Graduate,No,5259,0,221.0,360.0,1.0,Semiurban,Y
Male,Yes,0,Not Graduate,Yes,1500,1898,194.0,360.0,1.0,Urban,N
Male,No,0,Graduate,No,4653,1253,40.0,360.0,0.0,Semiurban,Y
Male,Yes,0,Graduate,No,8176,2508,91.0,360.0,1.0,Urban,Y
Female,Yes,0,Graduate,No,1500,2169,70.0,360.0,1.0,Urban,Y
Male,No,0,Graduate,No,4381,738,191.0,300.0,1.0,Semiurban,Y
Male,Yes,0,Graduate,Yes,8074,183,152.0,300.0,1.0,Urban,Y
Male,Yes,2,Graduate,No,3745,886,43.0,360.0,1.0,Urban,Y
Female,No,0,Not Graduate,No,3279,4372,127.0,360.0,1.0,Semiurban,Y
Male,No,3+,Not Graduate,No,8490,0,35.0,360.0,1.0,Urban,Y
Male,Yes,1,Graduate,No,4081,1343,,120.0,1.0,Urban,Y
Male,Yes,0,Graduate,No,8313,1958,24.0,360.0,0.0,Semiurban,Y
Male,Yes,0,Graduate,No,6287,5401,177.0,120.0,0.0,Semiurban,Y
Male,Yes,0,Graduate,No,3971,749,166.0,360.0,1.0,Semiurban,Y
Male,Yes,3+,Graduate,No,6439,3897,274.0,360.0,0.0,Urban,N
Male,Yes,0,Not Graduate,No,5961,4580,199.0,120.0,1.0,Rural,Y
Male,No,0,Graduate,No,8063,1341,110.0,360.0,1.0,Semiurban,Y
Male,No,3+,Graduate,No,3355,973,197.0,180.0,0.0,Urban,Y
Male,Yes,3+,Not Graduate,No,5124,677,42.0,360.0,1.0,Urban,Y
Male,Yes,0,Graduate,,4815,860,73.0,360.0,1.0,Urban,Y
Female,Yes,0,Graduate,No,7112,3636,163.0,360.0,1.0,Rural,Y
Male,No,0,Not Graduate,No,1924,2078,20.0,360.0,1.0,Urban,Y
Male,,0,Graduate,No,8051,2088,137.0,360.0,1.0,Semiurban,Y
Male,Yes,,Graduate,No,6399,0,69.0,,1.0,Semiurban,N
Male,Yes,0,Graduate,,1500,0,147.0,360.0,1.0,Urban,N
Female,Yes,3+,Not Graduate,,8625,6859,65.0,360.0,1.0,Semiurban,Y
Male,No,0,Graduate,No,11702,1055,170.0,360.0,1.0,Urban,Y
Male,No,1,Graduate,No,8006,0,141.0,360.0,1.0,Urban,Y
Male,Yes,0,Graduate,No,9281,5078,238.0,360.0,0.0,Semiurban,Y
Male,No,2,Graduate,No,5256,2205,140.0,360.0,1.0,Rural,Y
Female,No,1,Not Graduate,No,1500,2945,86.0,240.0,1.0,Semiurban,Y
Male,Yes,2,Graduate,,1500,1155,123.0,360.0,1.0,Rural,Y
Female,Yes,3+,Not Graduate,No,5765,703,46.0,360.0,1.0,Urban,Y
Male,Yes,0,Graduate,No,3224,1076,168.0,240.0,1.0,Rural,Y
Male,No,0,Graduate,,2256,0,181.0,360.0,1.0,Urban,Y
Male,Yes,0,Not Graduate,No,4812,1280,313.0,360.0,1.0,Semiurban,Y
Male,Yes,0,Graduate,No,6847,2240,96.0,360.0,1.0,Semiurban,Y
Male,Yes,3+,Graduate,No,1500,6126,121.0,360.0,1.0,Urban,Y
Male,No,0,Not Graduate,No,3653,1715,100.0,360.0,1.0,Rural,Y
Female,Yes,2,Graduate,No,9530,0,155.0,240.0,,Semiurban,Y
Male,No,0,Graduate,No,1774,1265,167.0,300.0,1.0,Semiurban,Y
Female,Yes,0,Not Graduate,,7609,8349,136.0,360.0,1.0,Urban,Y
Female,,0,Graduate,No,3546,3666,216.0,360.0,1.0,Urban,Y
Male,Yes,1,Graduate,No,6637,0,97.0,120.0,1.0,Urban,Y
Male,Yes,1,Graduate,Yes,8292,2978,209.0,360.0,1.0,Rural,Y
Male,No,0,Graduate,No,7224,0,178.0,360.0,1.0,Rural,Y
Male,No,0,Graduate,No,7727,0,139.0,360.0,1.0,Urban,Y
Female,Yes,1,Graduate,No,1545,629,118.0,360.0,1.0,Rural,N
Male,Yes,0,Graduate,No,8341,1729,310.0,360.0,1.0,Rural,Y
Male,No,3+,Graduate,No,2442,0,83.0,360.0,1.0,Urban,Y
Male,No,0,Graduate,No,5779,0,161.0,360.0,1.0,Semiurban,Y
Male,Yes,0,Graduate,No,5775,1526,87.0,360.0,1.0,Rural,Y
Female,Yes,0,Graduate,No,6455,480,265.0,300.0,1.0,Rural,Y
Male,No,0,Graduate,No,6011,2487,202.0,360.0,1.0,Rural,Y
Male,No,0,Graduate,No,2469,0,93.0,360.0,1.0,Urban,Y
Male,No,0,Graduate,No,1500,3285,176.0,360.0,1.0,Semiurban,Y
Male,Yes,3+,Not Graduate,No,7617,0,158.0,360.0,1.0,Rural,Y
Male,Yes,0,Graduate,No,5558,5607,104.0,300.0,1.0,Rural,Y
Female,No,0,Graduate,No,8448,0,193.0,240.0,1.0,Semiurban,Y
Male,No,0,Not Graduate,No,4866,0,167.0,360.0,1.0,Semiurban,Y
Male,No,0,Graduate,No,1500,2543,155.0,360.0,1.0,Semiurban,Y
Male,,0,Graduate,Yes,7898,5661,137.0,360.0,1.0,Urban,Y
Male,Yes,0,Graduate,No,3889,2288,170.0,360.0,1.0,Urban,Y
Female,No,1,Graduate,No,6026,2907,156.0,360.0,1.0,Semiurban,Y
Male,Yes,0,Graduate,No,3058,1544,144.0,360.0,1.0,Rural,Y
Male,No,3+,Graduate,No,9933,0,95.0,360.0,1.0,Semiurban,Y
Male,,0,Graduate,No,2370,275,259.0,360.0,1.0,Semiurban,Y
Male,No,2,Not Graduate,,3988,0,66.0,360.0,0.0,Urban,Y
Female,No,0,Not Graduate,Yes,5322,0,170.0,360.0,1.0,Urban,Y
Male,Yes,0,Graduate,No,1723,2504,118.0,360.0,1.0,Rural,Y
Male,Yes,2,Graduate,No,5992,0,263.0,360.0,1.0,Urban,Y
Female,Yes,1,Graduate,No,9836,2299,77.0,360.0,1.0,Semiurban,Y
Male,Yes,2,Not Graduate,No,3529,0,89.0,360.0,1.0,Semiurban,Y
Male,Yes,0,Graduate,No,6185,2241,72.0,360.0,1.0,Rural,Y
Male,Yes,1,Graduate,No,1500,278,163.0,360.0,1.0,Semiurban,Y
Male,No,2,Graduate,,4883,5017,,180.0,1.0,Rural,Y
Male,Yes,1,Graduate,No,4061,2309,107.0,240.0,0.0,Semiurban,Y
Male,Yes,0,Graduate,,2545,4589,20.0,360.0,0.0,Urban,N
Male,Yes,1,Graduate,No,8244,0,157.0,360.0,1.0,Semiurban,Y
Male,Yes,1,Graduate,No,4021,1640,105.0,120.0,1.0,Semiurban,Y
Male,Yes,3+,Not Graduate,No,4468,0,36.0,360.0,1.0,Urban,N
Male,Yes,0,Graduate,No,3868,466,216.0,360.0,0.0,Rural,Y
,No,0,Graduate,No,1500,845,48.0,360.0,0.0,Semiurban,N
Male,Yes,2,Graduate,No,1604,0,196.0,360.0,1.0,Urban,Y
Male,No,0,Graduate,,7883,0,91.0,360.0,1.0,Semiurban,Y
Female,Yes,1,Graduate,No,1500,0,252.0,360.0,1.0,Semiurban,Y
Female,Yes,0,Graduate,No,2701,0,,360.0,1.0,Semiurban,Y
Male,No,0,Graduate,No,3801,0,69.0,360.0,1.0,Rural,Y
Male,No,1,Graduate,No,10231,3069,76.0,360.0,1.0,Semiurban,Y
Male,Yes,0,Graduate,No,7306,0,182.0,360.0,1.0,Semiurban,Y
Male,Yes,0,Graduate,No,3328,0,122.0,360.0,1.0,Rural,Y
Male,Yes,1,Graduate,No,8914,5977,128.0,360.0,1.0,Urban,Y
Male,,1,Graduate,No,2778,0,229.0,360.0,1.0,Urban,Y
Male,Yes,2,Graduate,No,8027,2303,88.0,360.0,1.0,Semiurban,Y
Male,Yes,0,Graduate,No,1500,3106,146.0,180.0,1.0,Rural,Y
Male,Yes,0,Graduate,No,8220,3156,207.0,360.0,1.0,Urban,Y
Male,Yes,3+,Graduate,No,3782,0,197.0,360.0,1.0,Urban,Y
Female,No,0,Not Graduate,No,1914,922,129.0,360.0,1.0,Semiurban,Y
Male,No,0,Not Graduate,No,4349,0,120.0,180.0,1.0,Rural,Y
Female,Yes,0,Graduate,,5832,7616,20.0,120.0,1.0,Semiurban,Y
Male,Yes,0,Graduate,No,3516,0,66.0,,1.0,Semiurban,Y
Female,Yes,2,Graduate,No,6662,0,162.0,360.0,1.0,Semiurban,Y
Female,Yes,,Graduate,No,3251,0,130.0,360.0,1.0,Semiurban,Y
Female,No,1,Graduate,No,6861,0,145.0,360.0,1.0,Urban,Y
Female,No,0,Not Graduate,No,6327,4881,213.0,360.0,1.0,Semiurban,Y
Male,No,0,Not Graduate,No,4817,7556,57.0,360.0,1.0,Urban,Y
,No,0,Graduate,No,3676,311,123.0,360.0,1.0,Semiurban,Y
Male,No,0,Graduate,No,5455,0,153.0,360.0,1.0,Urban,Y
,No,0,Not Graduate,No,6651,0,91.0,240.0,1.0,Semiurban,Y
Male,Yes,0,Graduate,No,11185,890,240.0,360.0,1.0,Semiurban,Y
Male,Yes,,Not Graduate,No,7818,709,204.0,360.0,1.0,Urban,Y
Female,Yes,0,Graduate,No,7928,0,160.0,360.0,1.0,Semiurban,Y
Male,Yes,1,Not Graduate,Yes,14266,2053,266.0,240.0,1.0,Urban,Y
Male,Yes,0,Graduate,No,6548,2488,35.0,240.0,1.0,Rural,Y
Male,No,0,Graduate,No,6454,2308,139.0,360.0,0.0,Rural,Y
Male,Yes,2,Graduate,No,7112,710,166.0,300.0,1.0,Rural,Y
Male,Yes,1,Graduate,Yes,1973,0,76.0,240.0,1.0,Rural,Y
Male,Yes,2,Graduate,No,3668,3165,161.0,180.0,1.0,Semiurban,Y
Male,Yes,0,Graduate,No,3481,1531,63.0,240.0,1.0,Urban,Y
Male,Yes,2,Graduate,No,6943,3721,188.0,360.0,1.0,Rural,Y
Male,No,0,Not Graduate,Yes,4477,3475,214.0,120.0,1.0,Semiurban,Y
Male,Yes,0,Graduate,No,5415,0,159.0,360.0,0.0,Semiurban,Y
Male,No,0,Graduate,No,8262,0,20.0,120.0,1.0,Urban,Y
Male,Yes,0,Graduate,,7589,0,72.0,360.0,1.0,Semiurban,Y
Male,Yes,0,Graduate,No,4515,0,180.0,120.0,1.0,Urban,Y
Male,Yes,0,Graduate,No,2990,3388,141.0,300.0,1.0,Rural,Y
,No,2,Graduate,No,8406,2378,20.0,360.0,1.0,Rural,Y
Female,No,0,Graduate,No,7322,4248,227.0,300.0,1.0,Semiurban,Y
Male,Yes,0,Graduate,No,1500,2491,150.0,360.0,1.0,Urban,N
Male,No,0,Not Graduate,No,4061,2022,83.0,360.0,1.0,Urban,Y
Male,Yes,0,Graduate,No,5497,4499,210.0,360.0,1.0,Semiurban,Y
Female,No,,Not Graduate,No,7336,2674,93.0,180.0,1.0,Urban,Y
Male,Yes,0,Graduate,No,7730,1670,92.0,360.0,1.0,Rural,Y
Female,Yes,0,Graduate,No,5852,5201,165.0,360.0,1.0,Semiurban,Y
Male,No,2,Graduate,No,6756,1788,265.0,360.0,1.0,Semiurban,Y
Male,Yes,3+,Graduate,No,5192,739,254.0,360.0,1.0,Urban,Y
Male,Yes,0,Graduate,No,2978,0,165.0,360.0,0.0,Urban,Y
Male,Yes,1,Graduate,No,4216,3258,172.0,240.0,1.0,Semiurban,Y
Male,Yes,2,Graduate,No,5057,4593,195.0,360.0,1.0,Rural,Y
Male,No,,Graduate,Yes,4896,1374,52.0,,1.0,Urban,Y
Female,No,1,Graduate,No,1500,4770,185.0,360.0,1.0,Urban,Y
Male,No,2,Graduate,No,3808,0,89.0,300.0,0.0,Urban,N
Male,Yes,3+,Not Graduate,No,5169,1361,162.0,360.0,1.0,Semiurban,Y
Male,Yes,2,Graduate,No,4156,1400,124.0,360.0,1.0,Urban,Y
Male,Yes,0,Not Graduate,Yes,4260,0,175.0,360.0,1.0,Urban,Y
Male,Yes,0,Graduate,No,6464,7460,148.0,360.0,1.0,Rural,Y
Female,Yes,0,Not Graduate,No,1763,1335,20.0,360.0,1.0,Urban,Y
Male,No,0,Not Graduate,No,1500,481,153.0,120.0,1.0,Urban,N
Female,No,0,Graduate,No,3955,1565,185.0,360.0,1.0,Semiurban,Y
Female,No,0,Graduate,No,7292,0,171.0,360.0,0.0,Semiurban,Y
Male,Yes,0,Graduate,No,10063,0,133.0,360.0,1.0,Urban,Y
Male,Yes,0,Not Graduate,Yes,7346,3958,255.0,300.0,,Rural,Y
Male,Yes,2,Graduate,No,1500,0,162.0,360.0,1.0,Urban,Y
Female,Yes,0,Graduate,No,4303,0,171.0,360.0,1.0,Urban,Y
Male,Yes,0,Not Graduate,No,5770,4774,213.0,360.0,1.0,Rural,Y
Male,Yes,2,Graduate,No,5533,4851,165.0,360.0,1.0,Rural,N
Male,Yes,2,Graduate,No,6618,2792,77.0,360.0,1.0,Semiurban,Y
Male,No,3+,Graduate,No,2249,362,20.0,360.0,1.0,Semiurban,Y
Male,Yes,,Graduate,No,5195,901,107.0,360.0,1.0,Urban,Y
Male,No,2,Graduate,No,6261,0,193.0,360.0,0.0,Semiurban,N
Male,Yes,0,Not Graduate,No,7477,0,115.0,,1.0,Rural,Y
Male,Yes,0,Graduate,No,2583,0,196.0,360.0,0.0,Urban,Y
Male,Yes,0,Graduate,No,3965,0,150.0,240.0,1.0,Semiurban,Y
Male,Yes,1,Graduate,No,1500,0,230.0,360.0,1.0,Urban,Y
Male,Yes,3+,Graduate,No,3136,0,119.0,360.0,1.0,Rural,Y
Male,Yes,0,Graduate,No,3427,2049,173.0,360.0,1.0,Semiurban,Y
Male,No,0,Not Graduate,No,1941,2086,175.0,360.0,1.0,Urban,Y
Female,Yes,,Not Graduate,No,5497,5752,245.0,240.0,1.0,Semiurban,Y
Male,Yes,0,Graduate,No,4832,0,21.0,360.0,1.0,Urban,Y
Male,Yes,0,Graduate,No,1500,2240,108.0,360.0,1.0,Semiurban,Y
Male,Yes,0,Graduate,Yes,5647,2282,199.0,360.0,1.0,Urban,Y
Male,Yes,3+,Graduate,No,2215,865,248.0,360.0,1.0,Urban,Y
Male,Yes,0,Graduate,No,6457,3361,157.0,300.0,1.0,Rural,Y
Male,No,2,Graduate,No,1500,3438,120.0,,1.0,Semiurban,Y
Male,No,1,Graduate,Yes,5090,2319,193.0,360.0,1.0,Urban,Y
Male,No,0,Not Graduate,Yes,4151,861,201.0,120.0,1.0,Semiurban,Y
Female,Yes,0,Graduate,No,5909,606,115.0,120.0,1.0,Urban,Y
Male,Yes,2,Not Graduate,No,5374,0,163.0,360.0,1.0,Rural,Y
Male,No,0,Graduate,No,4235,0,223.0,360.0,1.0,Rural,Y
Male,Yes,3+,Not Graduate,No,1500,0,272.0,360.0,1.0,Urban,Y
Male,Yes,0,Graduate,No,1500,0,192.0,120.0,1.0,Semiurban,N
Male,Yes,1,Graduate,No,3248,2600,143.0,,1.0,Rural,Y
Male,No,2,Not Graduate,No,4975,4492,136.0,360.0,1.0,Semiurban,Y
Female,Yes,0,Not Graduate,No,3175,0,179.0,180.0,1.0,Rural,Y
Male,No,0,Graduate,No,6876,2209,132.0,360.0,1.0,Rural,Y
Male,No,,Graduate,No,4162,0,153.0,360.0,1.0,Semiurban,Y
Male,Yes,0,Graduate,No,2105,738,66.0,360.0,1.0,Semiurban,Y
Male,No,0,Graduate,No,4166,0,231.0,240.0,1.0,Semiurban,Y
Female,Yes,0,Graduate,No,5678,3005,60.0,360.0,1.0,Rural,Y
Male,Yes,0,Not Graduate,No,5975,0,110.0,360.0,1.0,Semiurban,Y
Male,Yes,2,Graduate,No,10635,4029,147.0,360.0,1.0,Semiurban,Y
Male,No,2,Graduate,No,2993,886,279.0,120.0,1.0,Rural,Y
Female,Yes,0,Graduate,No,4780,0,110.0,120.0,1.0,Semiurban,Y
Male,Yes,2,Graduate,No,6278,0,93.0,360.0,1.0,Rural,Y
Female,Yes,0,Graduate,No,4930,2133,101.0,360.0,1.0,Semiurban,Y
Male,Yes,0,Graduate,No,3498,3738,256.0,240.0,1.0,Semiurban,Y
Female,Yes,0,Graduate,No,1500,2183,20.0,120.0,1.0,Semiurban,Y
Male,Yes,3+,Graduate,No,3467,7097,70.0,360.0,1.0,Semiurban,Y
Male,Yes,0,Not Graduate,No,1779,5074,331.0,360.0,1.0,Semiurban,N
Male,No,0,Graduate,No,1500,731,181.0,240.0,1.0,Semiurban,Y
Male,Yes,0,Not Graduate,No,2613,705,63.0,300.0,1.0,Urban,N
Male,No,2,Graduate,No,1859,2674,137.0,360.0,1.0,Rural,Y
Male,Yes,0,Graduate,No,6751,0,145.0,360.0,1.0,Urban,Y
Female,No,0,Graduate,No,6803,4416,199.0,360.0,1.0,Urban,Y
Male,Yes,1,Graduate,No,2288,2404,269.0,180.0,0.0,Semiurban,Y
Male,Yes,,Graduate,No,4219,2141,167.0,360.0,0.0,Semiurban,Y
Male,No,0,Graduate,Yes,1500,3217,102.0,360.0,1.0,Rural,N
Male,Yes,0,Graduate,No,3517,5807,195.0,360.0,1.0,Urban,Y
Female,Yes,0,Graduate,No,6197,1927,91.0,240.0,1.0,Semiurban,Y
Male,No,0,Graduate,No,7475,1217,68.0,240.0,1.0,Rural,Y
Male,No,2,Graduate,No,2861,5272,20.0,300.0,1.0,Semiurban,Y
Female,Yes,1,Graduate,No,8156,3919,30.0,,1.0,Semiurban,Y
Female,Yes,1,Graduate,No,1500,698,77.0,180.0,1.0,Urban,Y
Male,No,3+,Graduate,No,1500,1513,58.0,180.0,1.0,Urban,Y
Female,No,0,Graduate,No,7129,1988,162.0,360.0,1.0,Urban,Y
Male,No,0,Graduate,No,10013,2405,56.0,360.0,1.0,Urban,Y
Female,Yes,3+,Graduate,No,6480,0,20.0,300.0,1.0,Rural,Y
Male,No,0,Graduate,No,4879,0,,,1.0,Urban,Y
Male,Yes,1,Graduate,No,1500,0,107.0,360.0,1.0,Urban,Y
Male,No,2,Not Graduate,Yes,1500,0,98.0,360.0,0.0,Urban,N
Female,Yes,0,Graduate,No,5388,0,246.0,360.0,1.0,Urban,Y
Male,No,0,Not Graduate,No,3926,3087,97.0,360.0,1.0,Semiurban,Y
Male,Yes,0,Graduate,No,1682,1078,202.0,120.0,1.0,Urban,Y
Male,Yes,0,Graduate,No,5197,1991,139.0,360.0,0.0,Semiurban,Y
Male,No,0,Graduate,No,5345,0,137.0,180.0,,Urban,Y
Male,Yes,0,Graduate,No,7833,346,82.0,360.0,1.0,Urban,Y
Female,No,2,Not Graduate,No,5410,2968,136.0,360.0,1.0,Urban,Y
Male,Yes,3+,Graduate,No,8685,2987,86.0,180.0,1.0,Semiurban,Y
Male,Yes,2,Graduate,No,5024,0,152.0,360.0,1.0,Urban,Y
,Yes,0,Graduate,No,4654,1904,123.0,360.0,0.0,Rural,Y
,Yes,0,Graduate,No,8193,6997,74.0,120.0,1.0,Urban,Y
,Yes,0,Graduate,No,2065,1456,209.0,360.0,1.0,Semiurban,Y
Female,Yes,0,Graduate,No,13443,0,170.0,360.0,1.0,Urban,N
Male,Yes,3+,Graduate,No,6126,1066,109.0,,1.0,Rural,Y
Female,No,0,Not Graduate,No,6142,1730,150.0,300.0,,Semiurban,Y
Male,No,0,Graduate,No,6575,1122,134.0,,1.0,Urban,Y
Female,No,2,Graduate,No,10631,1422,79.0,360.0,1.0,Urban,Y
Female,Yes,0,Graduate,No,7378,0,145.0,300.0,1.0,Semiurban,Y
Male,Yes,0,Not Graduate,Yes,1500,0,97.0,360.0,0.0,Urban,N
Male,Yes,0,Not Graduate,No,9210,1127,74.0,360.0,1.0,Urban,Y
Female,No,1,Graduate,No,3977,1087,26.0,360.0,0.0,Rural,Y
Male,No,2,Graduate,No,5321,85,115.0,360.0,,Urban,Y
Male,Yes,0,Graduate,Yes,1500,1057,180.0,360.0,1.0,Semiurban,N
Male,,3+,Not Graduate,No,6579,1653,91.0,360.0,1.0,Semiurban,Y
Male,Yes,2,Graduate,No,3046,3724,316.0,360.0,1.0,Rural,Y
Male,Yes,2,Graduate,Yes,5301,1252,202.0,360.0,1.0,Urban,Y
Male,Yes,,Graduate,No,4148,2498,231.0,,1.0,Semiurban,Y
Female,,0,Graduate,Yes,10775,146,196.0,360.0,1.0,Semiurban,Y
Male,No,,Graduate,No,10947,2930,270.0,360.0,1.0,Urban,N
Male,No,0,Graduate,No,5140,2439,85.0,360.0,1.0,Semiurban,Y
Male,Yes,1,Graduate,No,5192,3665,20.0,120.0,0.0,Rural,Y
Male,Yes,2,Not Graduate,No,3880,3284,109.0,360.0,0.0,Semiurban,N
Male,No,0,Graduate,Yes,8318,2972,179.0,360.0,0.0,Urban,Y
Female,,2,Graduate,No,4013,1254,151.0,360.0,1.0,Urban,Y
Male,Yes,3+,Graduate,Yes,3736,2112,159.0,180.0,0.0,Semiurban,Y
Male,,1,Not Graduate,No,7936,4159,232.0,360.0,1.0,Semiurban,Y
Male,Yes,0,Graduate,No,3385,0,167.0,120.0,0.0,Rural,N
Male,Yes,2,Graduate,Yes,4887,0,196.0,360.0,1.0,Urban,Y
Female,No,0,Graduate,No,1500,1954,74.0,,1.0,Semiurban,Y
Male,Yes,1,Graduate,Yes,7113,2538,63.0,120.0,0.0,Urban,Y
Male,No,2,Graduate,No,10823,0,253.0,360.0,1.0,Urban,Y
Male,Yes,1,Graduate,No,7164,1313,147.0,360.0,1.0,Semiurban,Y
Male,Yes,0,Graduate,No,9385,1265,,300.0,1.0,Urban,Y
,No,0,Graduate,No,2462,0,97.0,360.0,1.0,Urban,Y
Male,Yes,0,Graduate,No,5709,951,95.0,360.0,1.0,Urban,Y
Male,Yes,0,Not Graduate,No,2171,1107,90.0,360.0,0.0,Semiurban,Y
Male,No,0,Graduate,No,4317,1099,50.0,360.0,0.0,Urban,Y
Male,No,0,Graduate,No,7317,5040,35.0,180.0,0.0,Semiurban,Y
Male,Yes,0,Graduate,No,5305,0,,360.0,1.0,Semiurban,Y
Female,Yes,2,Graduate,No,1500,0,98.0,300.0,1.0,Semiurban,Y
Male,Yes,3+,Graduate,No,1500,0,218.0,360.0,1.0,Rural,Y
Male,Yes,0,Graduate,Yes,1500,298,161.0,300.0,1.0,Rural,N
Male,Yes,1,Graduate,No,6474,511,159.0,180.0,1.0,Rural,Y
Male,Yes,1,Graduate,No,11192,225,88.0,300.0,1.0,Rural,Y
Female,No,0,Not Graduate,No,9087,4269,132.0,360.0,,Semiurban,Y
Male,No,0,Not Graduate,No,1500,3652,165.0,360.0,1.0,Semiurban,Y
Male,No,2,Graduate,No,9263,1695,190.0,360.0,,Rural,Y
Male,No,3+,Graduate,No,7809,573,133.0,360.0,1.0,Urban,Y
Male,No,1,Graduate,No,1500,4065,216.0,360.0,,Semiurban,Y
Male,No,3+,Graduate,No,4090,1451,141.0,120.0,1.0,Urban,Y
Male,No,3+,Graduate,No,8287,0,195.0,360.0,1.0,Semiurban,Y
Male,Yes,0,Graduate,No,6651,0,106.0,180.0,1.0,Urban,Y
Male,Yes,1,Graduate,No,1500,397,20.0,360.0,1.0,Semiurban,Y
Male,Yes,0,Graduate,No,6832,3387,159.0,300.0,1.0,Semiurban,Y
Male,Yes,3+,Not Graduate,No,1500,7191,191.0,360.0,1.0,Rural,Y
Male,Yes,0,Graduate,No,4332,1654,180.0,360.0,1.0,Urban,Y
Male,Yes,0,Graduate,No,8414,0,170.0,180.0,1.0,Semiurban,Y
Male,Yes,2,Graduate,No,5055,0,116.0,180.0,1.0,Rural,Y
Male,Yes,0,Graduate,No,3503,2880,84.0,120.0,1.0,Urban,N
Male,Yes,2,Graduate,No,7668,0,179.0,300.0,1.0,Rural,Y
Male,No,0,Not Graduate,No,7924,2876,170.0,360.0,0.0,Rural,Y
Male,No,3+,Graduate,Yes,8930,3544,101.0,180.0,1.0,Semiurban,Y
Male,Yes,2,Graduate,No,7623,2591,218.0,360.0,1.0,Urban,Y
Male,Yes,0,Graduate,No,8244,951,78.0,360.0,1.0,Rural,Y
Male,Yes,2,Graduate,,7199,2912,99.0,360.0,1.0,Semiurban,Y
Male,No,0,Graduate,No,5797,1927,255.0,360.0,1.0,Urban,Y
Male,No,,Graduate,No,5269,0,201.0,360.0,0.0,Rural,Y
Male,Yes,1,Not Graduate,,4288,6126,115.0,120.0,1.0,Semiurban,Y
Male,No,2,Graduate,No,1500,621,160.0,360.0,1.0,Semiurban,N
Male,Yes,0,Graduate,Yes,2134,3439,151.0,300.0,1.0,Rural,Y
Male,Yes,0,Graduate,No,4154,0,20.0,360.0,1.0,Semiurban,Y
Male,No,1,Not Graduate,No,5724,4691,77.0,360.0,0.0,Urban,N
Male,Yes,0,Graduate,No,9322,5172,136.0,360.0,1.0,Rural,Y
Male,Yes,0,Graduate,No,4875,1575,115.0,360.0,1.0,Semiurban,Y
Male,Yes,0,Graduate,Yes,8010,2897,157.0,360.0,1.0,Semiurban,Y
Male,,0,Graduate,No,8238,2896,219.0,360.0,1.0,Rural,Y
Male,No,2,Graduate,No,4306,0,117.0,360.0,1.0,Rural,Y
Male,No,0,Graduate,No,6784,2868,66.0,360.0,1.0,Rural,Y
Female,Yes,0,Graduate,No,4269,0,163.0,120.0,1.0,Urban,Y
Female,Yes,3+,Graduate,No,8966,0,117.0,360.0,1.0,Semiurban,Y
Male,No,0,Graduate,Yes,6908,4317,129.0,180.0,0.0,Semiurban,Y
Male,Yes,1,Not Graduate,No,1500,3937,120.0,180.0,1.0,Rural,Y
Male,No,0,Not Graduate,Yes,5485,0,297.0,360.0,1.0,Urban,Y
Male,No,2,Graduate,No,9944,0,20.0,360.0,1.0,Urban,Y
Female,Yes,1,Graduate,No,4456,0,113.0,360.0,1.0,Urban,Y
Male,No,2,Graduate,No,6343,3332,140.0,360.0,1.0,Semiurban,Y
Male,Yes,0,Not Graduate,No,6638,0,85.0,,1.0,Rural,Y
Male,Yes,0,Graduate,No,1890,2392,203.0,300.0,1.0,Urban,Y
Female,Yes,2,Graduate,No,6532,3367,197.0,360.0,1.0,Semiurban,Y
Male,Yes,0,Graduate,No,1500,1279,137.0,360.0,1.0,Semiurban,Y
Male,No,0,Graduate,No,3123,4025,121.0,360.0,1.0,Urban,Y
Male,No,0,Graduate,No,8227,739,132.0,360.0,1.0,Rural,Y
Male,No,3+,Graduate,No,6070,965,133.0,360.0,1.0,Rural,Y
Male,No,,Not Graduate,No,4087,0,135.0,360.0,1.0,Urban,Y
Male,Yes,1,Graduate,Yes,6339,4043,127.0,300.0,1.0,Rural,Y
Male,Yes,1,Not Graduate,No,4820,0,158.0,360.0,0.0,Semiurban,Y
Female,No,0,Graduate,No,5038,2374,193.0,360.0,1.0,Urban,Y
Female,,0,Graduate,No,6970,1322,54.0,360.0,1.0,Urban,Y
Male,Yes,0,Not Graduate,No,2818,0,66.0,360.0,1.0,Semiurban,Y
Male,Yes,1,Graduate,No,5121,0,20.0,240.0,1.0,Urban,Y
Male,Yes,0,Graduate,No,4063,4957,201.0,240.0,1.0,Semiurban,Y
Male,Yes,2,Graduate,No,1500,2004,158.0,240.0,1.0,Semiurban,Y
Male,No,2,Graduate,No,2239,0,175.0,360.0,1.0,Semiurban,Y
Female,Yes,0,Graduate,No,9705,2263,40.0,360.0,1.0,Semiurban,Y
Female,No,0,Graduate,No,6154,1135,265.0,120.0,1.0,Semiurban,Y
Male,No,0,Graduate,No,1500,10135,97.0,360.0,1.0,Semiurban,Y
Male,No,3+,Graduate,No,1500,2213,152.0,360.0,0.0,Rural,N
Male,Yes,3+,Graduate,No,4664,548,200.0,360.0,0.0,Rural,Y
Male,Yes,3+,Graduate,No,9684,5050,71.0,360.0,1.0,Rural,Y
Male,No,0,Graduate,No,4440,0,102.0,240.0,1.0,Rural,Y
Male,No,0,Graduate,No,8921,1736,153.0,360.0,1.0,Urban,Y
Male,,0,Not Graduate,No,6056,6486,340.0,300.0,1.0,Rural,Y
Male,No,0,Graduate,No,6414,1210,161.0,360.0,1.0,Rural,Y
Male,Yes,0,Graduate,No,1500,0,252.0,360.0,1.0,Urban,Y
Male,No,0,Graduate,No,7813,510,224.0,360.0,0.0,Urban,Y
Male,Yes,3+,Not Graduate,No,3995,5136,166.0,360.0,1.0,Semiurban,Y
Female,Yes,0,Graduate,No,7589,2440,71.0,360.0,1.0,Rural,Y
Female,Yes,0,Graduate,No,2557,0,214.0,360.0,1.0,Semiurban,Y
Male,Yes,2,Graduate,No,5531,0,35.0,360.0,1.0,Rural,Y
Female,Yes,0,Graduate,Yes,6056,101,252.0,240.0,0.0,Semiurban,Y
Female,Yes,2,Graduate,No,4538,2403,154.0,360.0,1.0,Semiurban,Y
Male,Yes,1,Not Graduate,No,6214,4845,20.0,360.0,1.0,Urban,Y
Male,No,2,Graduate,No,4201,4131,116.0,360.0,1.0,Semiurban,Y
Male,Yes,1,Graduate,No,3053,2640,186.0,180.0,1.0,Urban,Y
Male,No,0,Graduate,No,9816,0,123.0,360.0,1.0,Rural,Y
Male,No,1,Graduate,No,8147,0,,360.0,,Semiurban,Y
Male,Yes,0,Graduate,No,2717,2833,80.0,360.0,1.0,Urban,Y
Male,Yes,0,Graduate,No,6705,0,49.0,360.0,1.0,Rural,Y
Male,No,0,Graduate,No,2772,936,135.0,360.0,1.0,Rural,Y
Male,No,0,Graduate,No,1500,2260,142.0,360.0,1.0,Urban,Y
Female,Yes,2,Not Graduate,No,8101,0,116.0,300.0,1.0,Urban,Y
Male,,0,Graduate,No,1500,0,226.0,360.0,1.0,Urban,Y
Male,Yes,0,Graduate,No,7781,1265,80.0,360.0,1.0,Urban,Y
Male,Yes,0,Graduate,No,4242,2759,162.0,360.0,1.0,Semiurban,Y
Male,No,2,Graduate,No,4365,4154,145.0,360.0,1.0,Rural,Y
Male,Yes,0,Graduate,No,6229,3018,31.0,360.0,,Rural,Y
Male,No,1,Graduate,No,6744,1684,48.0,360.0,1.0,Semiurban,Y
Male,Yes,2,Graduate,Yes,2521,0,141.0,360.0,0.0,Urban,Y
Male,No,0,Not Graduate,No,7153,0,279.0,360.0,1.0,Urban,Y
Female,Yes,2,Not Graduate,No,5340,223,181.0,360.0,1.0,Semiurban,Y
Male,Yes,0,Graduate,No,1500,2525,20.0,240.0,1.0,Semiurban,Y
Male,Yes,0,Graduate,No,4490,2342,20.0,360.0,1.0,Rural,Y
Male,Yes,1,Graduate,No,9144,0,191.0,360.0,1.0,Urban,Y
Male,No,3+,Graduate,No,10030,0,133.0,300.0,1.0,Semiurban,Y
Male,Yes,0,Not Graduate,No,7152,4511,220.0,180.0,1.0,Semiurban,Y
Male,Yes,0,Graduate,No,1500,1698,,360.0,1.0,Rural,Y
Male,Yes,0,Not Graduate,No,6472,0,165.0,240.0,1.0,Urban,Y
Male,Yes,0,Graduate,No,7553,7390,,360.0,1.0,Urban,Y
Female,No,1,Graduate,No,7177,1428,109.0,360.0,1.0,Rural,Y
Male,Yes,1,Graduate,No,7355,2461,110.0,180.0,0.0,Semiurban,Y
Male,No,,Graduate,No,6090,2499,142.0,120.0,1.0,Semiurban,Y
Female,Yes,0,Graduate,No,4783,581,178.0,360.0,1.0,Urban,Y
Male,No,1,Graduate,No,3175,0,139.0,360.0,1.0,Semiurban,Y
Female,Yes,1,Graduate,No,1500,6804,208.0,360.0,1.0,Semiurban,Y
Male,Yes,1,Not Graduate,No,6019,4008,108.0,,1.0,Rural,Y
Female,No,0,Graduate,Yes,5558,3555,47.0,300.0,1.0,Semiurban,Y
Male,No,0,Graduate,No,6673,2941,278.0,360.0,1.0,Rural,Y
Male,No,0,Graduate,No,1500,0,98.0,360.0,1.0,Urban,Y
Male,Yes,0,Graduate,No,6935,4694,100.0,360.0,1.0,Rural,Y
Male,Yes,0,Not Graduate,No,11164,0,135.0,360.0,1.0,Rural,Y
Male,No,0,Graduate,No,5235,2208,145.0,360.0,0.0,Semiurban,Y
Female,Yes,1,Graduate,No,4815,0,113.0,300.0,1.0,Rural,Y
Male,No,0,Graduate,Yes,5927,0,139.0,360.0,1.0,Rural,Y
Male,Yes,2,Graduate,No,11097,2296,137.0,360.0,1.0,Rural,Y
Male,Yes,0,Graduate,No,1929,0,152.0,360.0,1.0,Rural,Y
Male,No,2,Not Graduate,No,5610,0,20.0,360.0,0.0,Rural,Y
Male,No,0,Graduate,Yes,2601,2852,272.0,360.0,1.0,Semiurban,Y
Female,Yes,0,Graduate,No,3359,6800,130.0,360.0,1.0,Rural,Y
Male,Yes,1,Graduate,,4851,4974,181.0,360.0,1.0,Rural,Y
Male,Yes,3+,Graduate,Yes,9042,857,44.0,360.0,1.0,Semiurban,Y
Male,Yes,0,Not Graduate,No,10403,1522,107.0,240.0,1.0,Urban,Y
Male,Yes,0,Graduate,No,6344,3719,93.0,360.0,0.0,Semiurban,N
Male,,1,Graduate,No,3870,4305,243.0,360.0,1.0,Rural,Y
Male,No,1,Graduate,No,12478,641,99.0,360.0,1.0,Rural,Y
Male,No,0,Graduate,No,3717,1585,193.0,360.0,1.0,Semiurban,Y
Female,Yes,0,Not Graduate,No,3287,2252,94.0,300.0,1.0,Semiurban,Y
Male,Yes,0,Graduate,No,1500,2885,108.0,360.0,0.0,Semiurban,Y
Male,Yes,3+,Graduate,No,9188,1167,123.0,360.0,1.0,Rural,Y
Male,Yes,0,Graduate,No,7905,1200,230.0,360.0,1.0,Urban,Y
Female,Yes,0,Graduate,No,12253,4950,20.0,300.0,1.0,Semiurban,Y
Male,Yes,3+,Graduate,No,1500,4524,,360.0,1.0,Rural,Y
Female,No,0,Graduate,No,9375,2694,20.0,360.0,1.0,Semiurban,Y
Male,Yes,0,Graduate,No,5210,5798,64.0,360.0,1.0,Rural,Y
Female,Yes,0,Graduate,No,7418,534,83.0,360.0,1.0,Semiurban,Y
Male,Yes,0,Graduate,No,1500,5557,27.0,240.0,1.0,Urban,Y
Male,No,0,Graduate,No,9404,2856,89.0,360.0,1.0,Rural,Y
,Yes,0,Graduate,No,7360,9678,20.0,360.0,1.0,Urban,Y
Male,Yes,2,Graduate,No,4883,0,69.0,360.0,1.0,Rural,Y
Male,No,1,Graduate,No,6935,0,224.0,240.0,1.0,Semiurban,Y
Female,Yes,0,Graduate,No,2704,2547,168.0,360.0,1.0,Rural,Y
Female,Yes,0,Graduate,No,3262,2493,153.0,360.0,1.0,Rural,Y
